{
  "timestamp": "2026-05-21T04:37:48.241374",
  "app_name": "ACN_Caltech_Preprocessing_Local",
  "dataset_size": 651138,
  "train_rows": 520847,
  "test_rows": 130291,
  "training_time_sec": 1145.6343233585358,
  "train_metrics": {
    "rmse_log": 0.2078254681574782,
    "mse_log": 0.04319142521487499,
    "mae_log": 0.14900833186885093,
    "r2_log": 0.9135213158844611,
    "mae_kwh": 1.1837291379602006,
    "mse_kwh": 3.3064737485356797,
    "rmse_kwh": 1.818371180077291,
    "r2_kwh": 0.8762899333367797,
    "rows": 520847.0
  },
  "test_metrics": {
    "rmse_log": 0.2186117516389024,
    "mse_log": 0.047791097954629144,
    "mae_log": 0.15636445867500215,
    "r2_log": 0.903925877180175,
    "mae_kwh": 1.2425191171466579,
    "mse_kwh": 3.662244657976967,
    "rmse_kwh": 1.9136992078111354,
    "r2_kwh": 0.8624224802253544,
    "rows": 130291.0
  },
  "differences": {
    "diff_mae_kwh": -1.4271808828533423,
    "diff_rmse_kwh": -2.0314007921888644,
    "pct_diff_mae": -53.45847409271987,
    "pct_diff_rmse": -51.49174399099806
  },
  "validation_results": {
    "mean_absolute_error": 1.2425191171466579,
    "rmse_error": 1.9136992078111354,
    "mean_percentage_error": 22.55109975377554,
    "outliers_count": 289.0,
    "outlier_percentage": 0.2218111765202508,
    "total_rows": 130291.0,
    "threshold_kwh": 10.0
  },
  "config": {
    "train_fraction": 0.8,
    "seed": 42,
    "max_depth": 10,
    "max_iter": 100,
    "feature_cols": [
      "hour",
      "day_of_week",
      "month",
      "season",
      "duration",
      "charging_duration",
      "charging_duration_log",
      "hour_sin",
      "hour_cos",
      "day_of_year",
      "week_of_year",
      "is_holiday",
      "lag_1_log",
      "lag_2_log",
      "lag_3_log",
      "rolling_mean_3_log",
      "rolling_mean_5_log"
    ],
    "target_col": "kWhDelivered_log"
  }
}