{
  "timestamp": "2026-05-21T07:43:43.779853",
  "app_name": "ACN_Caltech_Preprocessing_Local",
  "dataset_size": 1305651,
  "train_rows": 1044912,
  "test_rows": 260739,
  "training_time_sec": 1508.568680047989,
  "train_metrics": {
    "rmse_log": 0.19797804155931537,
    "mse_log": 0.039195304939662,
    "mae_log": 0.140274189569575,
    "r2_log": 0.9216627810090356,
    "mae_kwh": 1.1234136029688062,
    "mse_kwh": 3.108654237658193,
    "rmse_kwh": 1.7631376116622868,
    "r2_kwh": 0.8845619382505049,
    "rows": 1044912.0
  },
  "test_metrics": {
    "rmse_log": 0.20258063760958817,
    "mse_log": 0.041038914734307284,
    "mae_log": 0.14332986448262777,
    "r2_log": 0.9178162449903048,
    "mae_kwh": 1.1468581411529675,
    "mse_kwh": 3.23229369084544,
    "rmse_kwh": 1.797858084178348,
    "r2_kwh": 0.8798608167384848,
    "rows": 260739.0
  },
  "differences": {
    "diff_mae_kwh": -1.5228418588470327,
    "diff_rmse_kwh": -2.147241915821652,
    "pct_diff_mae": -57.04168479031474,
    "pct_diff_rmse": -54.42807320021424
  },
  "validation_results": {
    "mean_absolute_error": 1.1468581411529675,
    "rmse_error": 1.797858084178348,
    "mean_percentage_error": 20.486038361243452,
    "outliers_count": 511.0,
    "outlier_percentage": 0.19598142203506186,
    "total_rows": 260739.0,
    "threshold_kwh": 10.0
  },
  "config": {
    "train_fraction": 0.8,
    "seed": 42,
    "max_depth": 10,
    "max_iter": 100,
    "feature_cols": [
      "hour",
      "day_of_week",
      "month",
      "season",
      "duration",
      "charging_duration",
      "charging_duration_log",
      "hour_sin",
      "hour_cos",
      "day_of_year",
      "week_of_year",
      "is_holiday",
      "lag_1_log",
      "lag_2_log",
      "lag_3_log",
      "rolling_mean_3_log",
      "rolling_mean_5_log"
    ],
    "target_col": "kWhDelivered_log"
  }
}